months,CAGR,Vol_annual,Sharpe,Sortino,MaxDD,Calmar,HitRate,Skew,Kurtosis,CEQ_g3,Cost_total,Gross_CAGR,Net_CAGR,Model,Universe,Calib,N,R2,Directional_Accuracy_pooled,Directional_Accuracy_cs_mean,IC_Spearman_mean
193,0.13241201201097486,0.14141858740344407,0.9543618910646211,1.3715045983311513,-0.30820588051439446,0.4296219520210961,0.6528497409326425,-0.39371720935275845,0.9100597903376828,0.10496568521125998,0.05225000001805866,0.13605732849247643,0.13241201201097486,LGBM_longonly,A,isotonic,2235,-0.44245483241118366,0.5434198746642793,0.5489694622507123,0.021909687534687538
193,0.05039303573690579,0.1650553475009138,0.3814049843027465,0.5640583048461045,-0.2910810160179548,0.17312374549976625,0.5699481865284974,-0.36354533749611073,0.9633976813967915,0.022088030614699272,0.057049999965486084,0.05411967977472387,0.05039303573690579,LGBM_longonly,B,isotonic,2445,-0.4645085866478822,0.5079764903442485,0.5082179105616605,0.018844495947688805
193,0.1016074656813557,0.2073556967091712,0.5699667311120306,1.0179625415021991,-0.43851911295299983,0.23170589988000345,0.538860103626943,0.331924620564121,0.860454667195989,0.05369127119416525,0.0351471432904601,0.10400224942546021,0.1016074656813557,LGBM_longonly,C,isotonic,1263,-0.46450205318376114,0.5051628276409849,0.500612491373361,0.06438923395445136
193,0.1306694088173075,0.18785392772775264,0.7498958675824295,1.1996328158745686,-0.34933309710237714,0.3740539041424206,0.5751295336787565,0.022167855878801254,1.246291692599562,0.08793723686805455,0.07205000018086602,0.13570788915243526,0.1306694088173075,LGBM_longonly,ALL,isotonic,5943,-0.339340520243389,0.5227234042553192,0.5214617749337366,0.06349617739948837
