months,CAGR,Vol_annual,Sharpe,Sortino,MaxDD,Calmar,HitRate,Skew,Kurtosis,CEQ_g3,Cost_total,Gross_CAGR,Net_CAGR,Model,Universe,Calib,N,R2,Directional_Accuracy_pooled,Directional_Accuracy_cs_mean,IC_Spearman_mean
193,0.14110284395013895,0.15751998421090288,0.9209089492784075,1.3827683070782768,-0.291666118328194,0.48378208877647066,0.6476683937823834,-0.2958083905048063,0.4176783179668786,0.10784274501130928,0.011150000450791018,0.1418860625263727,0.14110284395013895,ElasticNet_longonly,A,isotonic,2235,-0.035065164947003735,0.6387645478961504,0.6373435881248382,0.037730845543345534
193,0.06800429461833835,0.17940414346394915,0.4570239584274295,0.7395554837393977,-0.3611544455502659,0.18829698888165405,0.5595854922279793,-0.10931189743719873,0.329941432088805,0.03371322176612665,0.013716666779230377,0.06891344576148373,0.06800429461833835,ElasticNet_longonly,B,isotonic,2445,-0.06264759083831817,0.5478589420654912,0.5454419712232212,0.024206219391600028
193,0.11083906061430637,0.2197682373251623,0.5881006660177086,0.9990695072286988,-0.4243589401305208,0.2611917651133152,0.5440414507772021,0.26225200089128087,0.9824926949850146,0.05679872953495252,0.007427857147841622,0.11135021537949163,0.11083906061430637,ElasticNet_longonly,C,isotonic,1263,-0.03674837855641622,0.5218427323272439,0.5192891649413388,0.02668219461697723
193,0.16607160597606851,0.2055991017014605,0.8522429175456031,1.4780546234877239,-0.27413253304227725,0.6058077242165805,0.5854922279792746,0.31321508021459965,1.0909837321950464,0.11181389234813661,0.030050000056256694,0.1682157622863476,0.16607160597606851,ElasticNet_longonly,ALL,isotonic,5943,-0.03252096413634509,0.5817872340425532,0.5777608504274196,0.06667299476930046
